firstname,lastname,username,password,email,role
Asdev,ASDEV,admin,$2a$10$8U1JF2eVvKCaDsps4URnqeezfZeaVDdH0AkLzRRBnZEZUU7TBhFG6,ljikovsky0@omniture.com,A
Lezlie,Jikovsky,ljikovsky0,$2a$10$8U1JF2eVvKCaDsps4URnqeezfZeaVDdH0AkLzRRBnZEZUU7TBhFG6,ljikovsky0@omniture.com,R
Elinore,Alleway,ealleway1,$2a$10$8U1JF2eVvKCaDsps4URnqeezfZeaVDdH0AkLzRRBnZEZUU7TBhFG6,ealleway1@home.pl, O
Faina,Kampshell,fkampshell2,$2a$10$8U1JF2eVvKCaDsps4URnqeezfZeaVDdH0AkLzRRBnZEZUU7TBhFG6,fkampshell2@cbslocal.com,R
Sandye,Porritt,sporritt3,$2a$10$8U1JF2eVvKCaDsps4URnqeezfZeaVDdH0AkLzRRBnZEZUU7TBhFG6,sporritt3@google.com.hk,R
Darcy,Wollen,dwollen4,$2a$10$8U1JF2eVvKCaDsps4URnqeezfZeaVDdH0AkLzRRBnZEZUU7TBhFG6,dwollen4@etsy.com,R
Bar,McGeneay,bmcgeneay5,$2a$10$8U1JF2eVvKCaDsps4URnqeezfZeaVDdH0AkLzRRBnZEZUU7TBhFG6,bmcgeneay5@sohu.com,R
Stevena,Dovey,sdovey6,$2a$10$8U1JF2eVvKCaDsps4URnqeezfZeaVDdH0AkLzRRBnZEZUU7TBhFG6,sdovey6@ucla.edu,R
Randal,Skedgell,rskedgell7,$2a$10$8U1JF2eVvKCaDsps4URnqeezfZeaVDdH0AkLzRRBnZEZUU7TBhFG6,rskedgell7@cnbc.com,R
Fredia,Glitherow,fglitherow8,$2a$10$8U1JF2eVvKCaDsps4URnqeezfZeaVDdH0AkLzRRBnZEZUU7TBhFG6,fglitherow8@blog.com,R
Alana,Kearns,akearns9,$2a$10$8U1JF2eVvKCaDsps4URnqeezfZeaVDdH0AkLzRRBnZEZUU7TBhFG6,akearns9@mtv.com,R
Bale,Bushrod,bbushroda,$2a$10$8U1JF2eVvKCaDsps4URnqeezfZeaVDdH0AkLzRRBnZEZUU7TBhFG6,bbushroda@spiegel.de,R
Martynne,Whyborn,mwhybornb,$2a$10$8U1JF2eVvKCaDsps4URnqeezfZeaVDdH0AkLzRRBnZEZUU7TBhFG6,mwhybornb@wikimedia.org,R
Sterne,Hazeup,shazeupc,$2a$10$8U1JF2eVvKCaDsps4URnqeezfZeaVDdH0AkLzRRBnZEZUU7TBhFG6,shazeupc@wikimedia.org,R
Andros,Pottes,apottesd,$2a$10$8U1JF2eVvKCaDsps4URnqeezfZeaVDdH0AkLzRRBnZEZUU7TBhFG6,apottesd@dell.com,O
Waverley,Descroix,wdescroixe,$2a$10$8U1JF2eVvKCaDsps4URnqeezfZeaVDdH0AkLzRRBnZEZUU7TBhFG6,wdescroixe@umich.edu,O
Kary,Smidmor,ksmidmorf,$2a$10$8U1JF2eVvKCaDsps4URnqeezfZeaVDdH0AkLzRRBnZEZUU7TBhFG6,ksmidmorf@hostgator.com,O
Xena,Weild,xweildg,$2a$10$8U1JF2eVvKCaDsps4URnqeezfZeaVDdH0AkLzRRBnZEZUU7TBhFG6,xweildg@princeton.edu,O
Ellen,Tocque,etocqueh,$2a$10$8U1JF2eVvKCaDsps4URnqeezfZeaVDdH0AkLzRRBnZEZUU7TBhFG6,etocqueh@newyorker.com,O
Marwin,Ferrario,mferrarioi,$2a$10$8U1JF2eVvKCaDsps4URnqeezfZeaVDdH0AkLzRRBnZEZUU7TBhFG6,mferrarioi@house.gov,O
Maribeth,Iacivelli,miacivellij,$2a$10$8U1JF2eVvKCaDsps4URnqeezfZeaVDdH0AkLzRRBnZEZUU7TBhFG6,miacivellij@ox.ac.uk,O
